{
    "all": {
        "thrpoughput": {
            "mean": 11.14525043964386,
            "std": 0.11333369110005849,
            "min": 10.944000244140625,
            "max": 11.290000915527344,
            "p025": 10.964300274848938,
            "p975": 11.286850810050964,
            "ci95": [
                11.050501102758693,
                11.239999776529027
            ]
        },
        "mean_step_time": {
            "mean": 0.03577458867405059,
            "std": 0.002535312073360505,
            "min": 0.0334216568875,
            "max": 0.041314281800000005,
            "p025": 0.0334777652091875,
            "p975": 0.040549619898500006,
            "ci95": [
                0.033655014737860804,
                0.037894162610240374
            ]
        }
    },
    "instances": {
        "random_256_10_small,600": {
            "throughput": {
                "mean": 11.14525043964386,
                "std": 0.11333369110005849,
                "min": 10.944000244140625,
                "max": 11.290000915527344,
                "p025": 10.964300274848938,
                "p975": 11.286850810050964,
                "ci95": [
                    11.050501102758693,
                    11.239999776529027
                ]
            },
            "mean_step_time": {
                "mean": 0.03577458867405059,
                "std": 0.002535312073360505,
                "min": 0.0334216568875,
                "max": 0.041314281800000005,
                "p025": 0.0334777652091875,
                "p975": 0.040549619898500006,
                "ci95": [
                    0.033655014737860804,
                    0.037894162610240374
                ]
            }
        }
    },
    "basic_info": {
        "exp_name": "random_256_10_small",
        "model_path": "pretrained_models/dynamic_guidance/IL/random_256_10/best",
        "WPPL_mode": "PIBT-RL",
        "num_agents": "600",
        "rollout_length": null,
        "max_iterations": 16000000,
        "num_threads": 8,
        "num_devices": 1,
        "num_processes": 1,
        "num_episode_per_instance": 8
    }
}