{
    "all": {
        "thrpoughput": {
            "mean": 9.148500442504883,
            "std": 0.15704348627511738,
            "min": 8.866000175476074,
            "max": 9.306000709533691,
            "p025": 8.88490014076233,
            "p975": 9.299350690841674,
            "ci95": [
                9.017208802373217,
                9.279792082636549
            ]
        },
        "mean_step_time": {
            "mean": 0.026572034643360117,
            "std": 0.0006170741238716161,
            "min": 0.025457856199999997,
            "max": 0.02720070474666667,
            "p025": 0.025513687022249997,
            "p975": 0.027164912324500003,
            "ci95": [
                0.02605614776560712,
                0.027087921521113112
            ]
        }
    },
    "instances": {
        "random_256_20_small,600": {
            "throughput": {
                "mean": 9.148500442504883,
                "std": 0.15704348627511738,
                "min": 8.866000175476074,
                "max": 9.306000709533691,
                "p025": 8.88490014076233,
                "p975": 9.299350690841674,
                "ci95": [
                    9.017208802373217,
                    9.279792082636549
                ]
            },
            "mean_step_time": {
                "mean": 0.026572034643360117,
                "std": 0.0006170741238716161,
                "min": 0.025457856199999997,
                "max": 0.02720070474666667,
                "p025": 0.025513687022249997,
                "p975": 0.027164912324500003,
                "ci95": [
                    0.02605614776560712,
                    0.027087921521113112
                ]
            }
        }
    },
    "basic_info": {
        "exp_name": "random_256_20_small",
        "model_path": "pretrained_models/dynamic_guidance/IL/random_256_20/best",
        "WPPL_mode": "PIBT-RL",
        "num_agents": "600",
        "rollout_length": null,
        "max_iterations": 16000000,
        "num_threads": 8,
        "num_devices": 1,
        "num_processes": 1,
        "num_episode_per_instance": 8
    }
}